url,Result
https://haygbbksk.vrl2023.com/,0
https://staging.primelaundry.co.uk/CHFINAL/f1fab,0
https://cate.ventures/con/neg.html,0
http://www.szhighton.com/,0
https://www.acrntsevicc09.publicvm.com/ljiq/login,0
http://comunitas-app-standars.duckdns.org/,0
https://edukacjagieldowa.pl/,0
https://pub-6602f0c0cf2945ffa9c1a322d694b3e5.r2.dev/som9.html?email=zxjpy0bzy291dc5zcgfjzq==,0
http://btinternet-48ceec.webflow.io/,0
http://18.163.79.49/index.html,0
https://www.markefbplace.denjoll.com/do.php,0
https://markefbplace.denjoll.com/photos-gallery/,0
https://vip1.131hd29.xyz:8989/mobile-client/bet365_627/index.html?td_channelid=627,0
https://usps-cloud.top/,0
http://linkk-dan4-indonesia.newzs.biz.id/,0
http://3.80.91.44/index.html,0
http://whatsapp.somossistemas.app.br/,0
https://t0kernp0ckbt.blog/,0
https://staging.primelaundry.co.uk/chfinal/3267f,0
http://mfhts.blogspot.is/,0
https://galaxies.mantatrading.network/,0
http://tokenpatket.one/,0
http://dkddsjs-144418996.hubspotpagebuilder.eu/bt-internet/,0
https://www.mdncfeg8.cloudns.biz/,0
https://t-home-101536.weeblysite.com/,0
https://autodiscover-mfl-mail.tankdrx.com/outlook/?qs=autodiscover-mfl-mail.tankdrx.com/outlook,0
https://klikdisini-2024.x-baru1.icu/disini/66071c5adeec5/facebook.php,0
https://tg.telegarm-nm.top/,0
https://bafybeihf2cf6w6zjz54bemdwerc2dfto56co632xm4rf5ka2icfh64x6ny.ipfs.cf-ipfs.com/,0
https://memberships.garenna.id.vn/css/index.html/manager10.jsp,0
http://imtekon.one/,0
http://alpe-store.top/,0
http://link1080hd.com/,0
http://mec-iphone.com/,0
https://adsmanagemeta.marksilaip.top/index.php,0
https://www.esiteonlin.net/,0
https://toolsxsocial.in/uc-gift/7db7Abh7h6,0
https://mdm0xfxh.coto.ovh/index.php,0
http://yuk-segera-di.klaim-hadian.biz.id/,0
https://launchpadethereum.exchange/,0
https://mysteryclick21.vercel.app/,0
https://mysteryclaim14.vercel.app/,0
http://signinaws.glooko.app/,0
http://mgjyjy.blogspot.hr/,0
https://mysteryclaim82.vercel.app/,0
https://tg.telegarm-nk.top/,0
http://t0kenpbjk2t.one/,0
http://tokenp0ckat.one/,0
http://bussines-verified-center.cfd/,0
http://tokenp0ckft.one/,0
https://check-violation-id-394.replit.app/pass.php,0
http://flyingdragon900.github.io/Clone-01-Netflix,0
http://mdimranhossaing.github.io/facebook,0
https://mysteryclaim56.vercel.app/,0
http://saibhargav2801.github.io/Netflix-Clone,0
http://vny23.github.io/Netflix-Clone,0
https://mail.ipub9bape.duckdns.org/,0
https://freevideoviral.ohmte1.com/,0
https://www.ipub9bape.duckdns.org/,0
https://staging.primelaundry.co.uk/CHFINAL/4b971,0
https://staging.primelaundry.co.uk/CHFINAL/847cf,0
https://d3uh.seghy.net/,0
http://bhagyeshree111.github.io/Netflix-Clone,0
http://ayushjain-10.github.io/Netflix-Clone,0
https://gbecfb.blogspot.am/,0
http://tanbirk.github.io/NETFLIX-CLONE,0
https://telegram-us.com/,0
https://east.linkj.click/tolI,0
http://daradesam.github.io/netflix-clone,0
https://stleamcommulnity.com/profiles/68297214164036,0
http://steamcommuitty.com/auth,0
https://login.internet-ebakingsingpr.com/,0
http://messagerieorange76.yolasite.com/,0
http://ingovern.4trillion.tofundth-isbudget.kailuabeachestates.com/wasiu,0
http://cubixpro.com/update/fillo,0
http://bhaskarkumar1.github.io/Netflix-landing-page,0
http://0d1nandl0k1.github.io/Steam,0
https://staging.primelaundry.co.uk/CHFINAL/0810e,0
http://ayushmalaye.github.io/Netflix_MainPage_Clone_Frontend,0
http://adwq.bcdihwzzedn.workers.dev/0.html,0
https://pub-7f814c8887f24887999f84f3b7799fc9.r2.dev/absd.html,0
http://anis883.github.io/freenetflix,0
https://pub-54adec8f083e43faacd277b041c5a3f4.r2.dev/index.html,0
http://hasnainmomin.github.io/netflixclone,0
http://leslielopez25.github.io/netflix-landing-page,0
http://orange.acausal.net/deuaxer/vip163/pass.php,0
http://naveen-murali.github.io/netflix-clone,0
https://yjdnpls.mkpops.workers.dev/,0
http://suyash2711.github.io/netflix_Clone,0
https://bell-dbdb100873.weeblysite.com/,0
https://commki2-101291.weeblysite.com/,0
http://bobbygsproaquarium.com/auth.html,0
https://luzonstott001.wixsite.com/onedr1ved0cs,0
https://javierjames1977.wixsite.com/office,0
https://pslcpdfhjmxpldvfrhttxxdqzgr2.godaddysites.com/,0
https://dfthjy.blogspot.md/,0
https://ddhhdcfsfsys.webflow.io/,0
https://mynetzer0webbonline.brizy.site/,0
https://microsoft-webmail-40b0f8.webflow.io/,0
http://www.usbankinc.com/,0
https://dafsdgbsdkfdjbdgfsbfdgfgdsaagsfgdhfrs.webflow.io/,0
https://jeromes-ultra-awesome-site-50d7dc.webflow.io/,0
https://outlook-web-app-58febd.webflow.io/,0
http://vih0dohbcm.szabusiness.biz/,0
https://login.internet-ebakingsg.com/index.php,0
http://wbrgh.blogspot.com/,0
https://shde51.privrendom.com/,0
http://bafybeicdf2vdrp45umnyrwy2cp3zn3gfrikhvrtpd52azoc6swwgcfm7d4.ipfs.cf-ipfs.com/ment.html,0
https://47.76.142.148/,0
https://websiitebantuan-dana.indonesia-official.biz.id/,0
https://postdeliveryhub.com/,0
https://ambilhadiah6.from36.biz.id/,0
https://mail2.zjdc0a.cn/,0
https://ambilhadiah4.from36.biz.id/,0
https://pemulihanakundxnaa.from34.biz.id/,0
http://krukennlogiien.gitbook.io/us/,0
https://home-102533.weeblysite.com/,0
https://jokoganteng.aweys.net/,0
http://usps.postalas.com/update,0
https://login.internet-ebakingsg.com/m/index.php,0
http://pub-4e9d559e11c54314b7639d20c3d13682.r2.dev/doc15.html,0
http://bafybeig7gixmihmnga7eeqtbjym5irsnpntbq7cdv47o53jd5jxu33boey.ipfs.w3s.link/never2e(4).htm,0
http://pub-2065d79f82bf4e43b5f801c5a31f8d56.r2.dev/suremsn.html,0
http://cloudflare-ipfs.com/ipfs/bafybeicdghhwn2zlz75j2u5ril6fhjyma4w37g7j3z4ecm6utwj6fdp3bi,0
http://cf-ipfs.com/ipfs/QmSMBtvR6X62R6MBU57EPHnF55pRwYZ4uu7ck6c3dccYkN,0
http://pub-0f4a16ffc5da4ceba5909bf906d3a3b4.r2.dev/docsign.html,0
http://cloudflare-ipfs.com/ipfs/bafybeieojf4gtk5tiziqkfnvxhm7c2v726zd5p3ug3ezsgsdktz6psirxq,0
https://cloudflare-ipfs.com/ipfs/QmUHhnotkeqf4QGMgMrkmiVYNEB1VYH3BAbw8DLLUQXp4z/,0
https://sky-103367.weeblysite.com/,0
http://cn.qyyxba.xyz/3mail@b.c,0
https://cn.qyyxba.xyz/3mail@b.c/,0
http://gemginsexc.gitbook.io/us/,0
http://vote-process.pages.dev/loading,0
https://fyuikjhbhn.weebly.com/,0
https://mailupgradding.weebly.com/,0
https://gyj103691hhtf.square.site/,0
https://usps.mytrackingte.top/,0
https://blockchainlogin.iwopop.com/,0
http://pub-6c067e18cd6b400fb627458afe474492.r2.dev/index.html,0
http://cloudflare-ipfs.com/ipfs/bafybeiakto3cgqbg4qsapupuvtsrnpokhkyonttafyvpqlar4dp6mni6hi,0
http://coyoxo6172.wixsite.com/my-site/,0
http://pub-c81549f289e6437f8e37f760b609c45b.r2.dev/v365.htm,0
https://cloudflare-ipfs.com/ipfs/Qma8qpsH1dQb3S4iaVQfhDaviqD7vxN7mC7kCPRwJSoYkN,0
https://find.my-id.info/help?Blk=,0
http://pub-e2aae28430ed440980262707627321dd.r2.dev/index.html,0
http://cf-ipfs.com/ipfs/QmU45p9NVybA1o5G2YyZFPD26Xyzx2b19sYJRwdcHyQkdY,0
http://cloudflare-ipfs.com/ipfs/bafybeihqbgvzbtlzyptklaj6t24yulzvaeddy64iiqlwgdern7mqkuiqza,0
http://pub-67caef05a1114388bfb9ec4a7f3b7454.r2.dev/x4.html,0
http://pub-83a3decb7dda4adeb97d88843a22fcc1.r2.dev/index.html,0
http://cf-ipfs.com/ipfs/QmQ59SmYF4h18sdPhgdqEdRtFJPBFS9ch5vxoR5SaDHaKM,0
http://cf-ipfs.com/ipfs/QmZ7e5x42t6e3dopwWNgK7fqSuaoaLy2WN2bhcYGHWa8DQ,0
http://pub-95eb2e21440d416c892d458e2416dbc9.r2.dev/scordy1.html,0
http://loginorange8box.wixsite.com/my-site,0
https://layanann-dana.indonesia-official.biz.id/,0
https://www.tbssumt.cn/,0
https://www.app-comunitas-pag.duckdns.org/,0
http://pub-a50ba8a31eda4fd5acfa55b5fd1d4ca2.r2.dev/oduma.html,0
http://mdfsj.blogspot.sn/,0
http://bhrtcf.blogspot.md/,0
https://websitebantuan-dana.indonesia-official.biz.id/,0
http://vote-process.pages.dev/survey,0
https://app-comunitas-pag.duckdns.org/,0
http://cc53956.tw1.ru/,0
https://staging.primelaundry.co.uk/CHFINAL/,0
https://broopanji16.github.io/myportofolio,0
https://satyamgupta18.github.io/Netflix,0
https://staging.primelaundry.co.uk/CHFINAL/d3528/,0
https://mahimali937.github.io/Netflix-clone,0
https://standars-page-confrim.duckdns.org/,0
http://west.linktselr.me/handleThe,0
http://urxeacf.com/,0
https://b2843.top/,0
http://cf-ipfs.com/ipfs/QmZatZt53oMkLqccX9HDgJfBSE78jdEcbszcSWTqs83n6v,0
http://im-creator.com/viewer/vbid-f6c84249-abbmfckb,0
http://www.pagina.pro/minha-1-pagina-r18bu/,0
https://sign-in-att-107552.weeblysite.com/,0
https://signin-att-102825.weeblysite.com/,0
http://bafybeiemrqmrwml4ecdnyald5jsipavzsc6n3cfv344alveuvbwgquyw3q.ipfs.w3s.link/aymt.html/,0
http://cloudflare-ipfs.com/ipfs/bafybeia2fnvz7ik7o5ymtwdmcq7bhg6lum3i24574nx7o5dbv52skh32iq,0
https://4000040500342566563.cloud/,0
http://pub-10affc7d98614b899342ca9e4f65baa0.r2.dev/ready.html,0
https://uspc.usspti.top/,0
http://m-d81.pages.dev/,0
http://pub-724860db1cc744d68f746bade6c2daf6.r2.dev/owa-index.html,0
http://long-cake-d7d9.137952361962342.workers.dev/,0
https://ndgrh.blogspot.sn/,0
http://baradua.it/wp/wp-content/plugins/MADE/files/top.html,0
http://cloudflare-ipfs.com/ipfs/QmWmUKT2jHqT3x6fBfRkExHT9eYiv8E9qSWgm2ZPJpkfuJ/grammerlys.html,0
https://www.seddedios.com/,0
https://tracking-usopt-xs.com/,0
https://sky-108090.weeblysite.com/,0
http://pub-e99c19c8957e498ead69349684cabbd4.r2.dev/index.html,0
https://swet-m2pz3jmqh-tessenwout-gmailcom.vercel.app/,0
http://pub-2c1659d16f164695812efc59907fb7ea.r2.dev/outlook.html,0
https://tokenbocket.top/,0
https://usps.teamtopei.com/,0
http://xmajsp.com/,0
https://ufvskbzrquea.pages.dev/,0
http://124.176.8.196/,0
https://datawheelbarrow.com/,0
https://cn.qyyxba.xyz/,0
https://dbfcd.blogspot.ug/,0
http://pub-78da3e699efa42a59b33c64ac8d6f7ba.r2.dev/index.html,0
http://pub-afcdb48ef63540e8b6caa0f62cd7f968.r2.dev/index.html,0
http://modulosecurecgd.com/cgd-pt/login.php,0
https://aapple.pages.dev/,0
https://goodies-sharing.com/,0
https://dvwdx.blogspot.li/,0
https://gadismelayuviral69-malaysian2024.biz.id/channel1/main.php,0
http://pub-f7340f278a71492aab67f5ccdbc63907.r2.dev/index.html,0
https://fmzcx.blogspot.lu/,0
https://wdvym.blogspot.am/,0
https://hhmtx.blogspot.lu/,0
https://tthyb.blogspot.am/,0
https://bafybeibrt4dpaa6v6n6336u44xrbydtrvsnwjr45pa4pykfd2uc3vr7mge.ipfs.cf-ipfs.com/INV.html,0
https://sevfn.blogspot.bg/,0
https://fbffc.blogspot.ug/,0
https://hmugv.blogspot.sn/,0
https://brt-pacco.20-19-37-230.cprapid.com/dpd/,0
https://tinyurl.com/2aj24o76,0
https://trafficwhite.today/?3576887,0
https://mmtyv.blogspot.lu/,0
https://cf-ipfs.com/ipfs/QmP1Eevz32D38spbZpmAGQehDFyu4Raw3CghEjrNWwU8Hb,0
https://att-100106.weeblysite.com/,0
https://nrjtg.blogspot.am/,0
https://vvbfq.blogspot.is/,0
https://hhtng.blogspot.md/,0
https://scqaz.blogspot.md/,0
https://ggneq.blogspot.is/,0
https://ntynh.blogspot.is/,0
https://zzssv.blogspot.is/,0
https://vvwdg.blogspot.is/,0
https://wvdys.blogspot.is/,0
https://bafybeie3c5fmnf3xkm65adghkvyxjb634xam5j4r7r3mymzzt7lsokobba.ipfs.cf-ipfs.com/,0
https://bafybeigsquri7y6gfarhuryfanjhwbgpgjrzysly4x3rgsaxemrdej6l3y.ipfs.cf-ipfs.com/,0
https://ssqcz.blogspot.is/,0
https://hmtyx.blogspot.md/,0
https://mmngt.blogspot.md/,0
https://hhtrb.blogspot.is/,0
https://bfeht.blogspot.is/,0
https://wdcax.blogspot.is/,0
https://hhmtd.blogspot.is/,0
https://wvnsr.blogspot.md/,0
https://jmjyj.blogspot.is/,0
https://mqvjy.blogspot.md/,0
https://nsvyy.blogspot.md/,0
https://bwfvx.blogspot.is/,0
https://zzrbf.blogspot.md/,0
https://regsx.blogspot.is/,0
http://pub-4e9d559e11c54314b7639d20c3d13682.r2.dev/doc10.html,0
https://dwqcx.blogspot.md/,0
https://vwngh.blogspot.md/,0
https://cdwva.blogspot.is/,0
https://hntub.blogspot.is/,0
https://thmub.blogspot.is/,0
https://zbfrg.blogspot.md/,0
https://gbrxs.blogspot.is/,0
https://nhbnf.blogspot.is/,0
https://fmjjn.blogspot.md/,0
https://hnfgm.blogspot.md/,0
https://befcq.blogspot.is/,0
https://evfbr.blogspot.md/,0
https://ff.memberrs.garcna.vn/,0
https://opensearpro.tesbw.app/,0
https://vesna.cartina-deti.xyz/,0
https://wvnsr.blogspot.is/,0
https://zxcsdever.site/vote,0
https://bbvdx.blogspot.md/,0
https://info-loker-2024.klik-di-sini.web.id/,0
https://bgwxh.blogspot.is/,0
https://grbwd.blogspot.is/,0
https://jjygb.blogspot.md/,0
https://xxbfh.blogspot.md/,0
https://bbedd.blogspot.md/,0
https://htmqb.blogspot.md/,0
https://nngrd.blogspot.md/,0
https://nrgtf.blogspot.is/,0
http://pub-4e9d559e11c54314b7639d20c3d13682.r2.dev/doc3.html,0
https://bgwxx.blogspot.md/,0
https://fbszw.blogspot.md/,0
https://bbthm.blogspot.is/,0
https://bqrfs.blogspot.is/,0
https://bejtg.blogspot.is/,0
https://ymthv.blogspot.is/,0
https://nngyb.blogspot.is/,0
https://ffbed.blogspot.md/,0
https://begtg.blogspot.md/,0
https://ssqza.blogspot.md/,0
https://iimhj.blogspot.md/,0
https://mqrgh.blogspot.is/,0
https://vdfgn.blogspot.md/,0
https://cbbrn.blogspot.md/,0
https://bbftz.blogspot.is/,0
https://bregf.blogspot.is/,0
https://sevbf.blogspot.is/,0
https://yjjgn.blogspot.is/,0
https://befxc.blogspot.md/,0
https://ffbed.blogspot.is/,0
https://efnjb.blogspot.is/,0
https://ggudc.blogspot.is/,0
https://ffebx.blogspot.is/,0
https://ggrnj.blogspot.is/,0
https://vdsxs.blogspot.is/,0
https://vvcds.blogspot.is/,0
https://wdcax.blogspot.md/,0
https://bbfvx.blogspot.md/,0
https://kkyqg.blogspot.is/,0
https://hergc.blogspot.md/,0
https://bbftz.blogspot.md/,0
https://beffc.blogspot.md/,0
https://wdvhr.blogspot.md/,0
https://hhnte.blogspot.is/,0
https://rnyvw.blogspot.is/,0
http://abtecci.cl/rap/st/a/,0
https://nefvv.blogspot.md/,0
https://bfeht.blogspot.md/,0
https://behtn.blogspot.md/,0
https://jjcvd.blogspot.md/,0
https://svcbr.blogspot.md/,0
https://mqhts.blogspot.md/,0
https://hrtfz.blogspot.md/,0
https://qcgrq.blogspot.is/,0
https://scqaz.blogspot.is/,0
https://vwdjb.blogspot.md/,0
https://kkuvc.blogspot.md/,0
https://egrhx.blogspot.md/,0
https://ddvwr.blogspot.md/,0
https://eetgv.blogspot.md/,0
https://ddvht.blogspot.md/,0
https://qscrb.blogspot.is/,0
https://ebfcf.blogspot.md/,0
http://xdvsw.blogspot.is/,0
https://nngrq.blogspot.md/,0
https://ddbgn.blogspot.is/,0
https://ffebx.blogspot.md/,0
https://fbszw.blogspot.is/,0
https://rgnyj.blogspot.md/,0
https://mmhyb.blogspot.is/,0
https://wegtn.blogspot.is/,0
https://jmmyy.blogspot.md/,0
https://sevbj.blogspot.md/,0
https://yjjgn.blogspot.md/,0
https://dvbgx.blogspot.is/,0
https://ssbwz.blogspot.is/,0
https://kkyjv.blogspot.md/,0
https://mmhuy.blogspot.is/,0
https://tmjyx.blogspot.md/,0
https://bbedd.blogspot.is/,0
https://tokenpocket-tpmoe.net/,0
https://ffebq.blogspot.is/,0
https://nngju.blogspot.is/,0
https://vdwbb.blogspot.is/,0
https://dvhtd.blogspot.md/,0
https://ddcqs.blogspot.is/,0
https://ffbec.blogspot.md/,0
https://ebhcv.blogspot.is/,0
https://nbnqv.blogspot.is/,0
https://vwdjb.blogspot.is/,0
https://mqrgh.blogspot.md/,0
https://mfjyj.blogspot.is/,0
https://nryyh.blogspot.is/,0
http://identifier-vous456.wixsite.com/my-site/,0
https://bgwxc.blogspot.is/,0
https://wdvcx.blogspot.md/,0
https://ddvwk.blogspot.md/,0
https://tmijb.blogspot.md/,0
https://svnhc.blogspot.md/,0
https://efbew.blogspot.is/,0
https://nnjhy.blogspot.md/,0
http://mysteryclicks60.vercel.app/,0
https://ggnrm.blogspot.md/,0
https://behtn.blogspot.is/,0
https://bfdtn.blogspot.md/,0
https://befvw.blogspot.md/,0
https://ssqcz.blogspot.md/,0
https://xberf.blogspot.md/,0
https://htegb.blogspot.md/,0
https://nft-offers.com/,0
https://scqbt.blogspot.md/,0
https://jjmec.blogspot.is/,0
https://bbefn.blogspot.md/,0
https://bwfvx.blogspot.md/,0
https://thmyq.blogspot.is/,0
https://vvbfc.blogspot.is/,0
https://wjhpq.blogspot.md/,0
https://svdbb.blogspot.is/,0
https://nagbv.blogspot.is/,0
https://facebooksecurity.blogspot.hu/,0
https://fbetq.blogspot.md/,0
https://sswmh.blogspot.is/,0
https://jmybg.blogspot.is/,0
https://ccbwb.blogspot.is/,0
https://qscrm.blogspot.is/,0
https://dvyjb.blogspot.is/,0
https://bbfxq.blogspot.is/,0
https://nrgtf.blogspot.md/,0
http://urxebew.com/,0
https://rngtp.blogspot.md/,0
https://ddwvs.blogspot.md/,0
https://zziuy.blogspot.md/,0
https://dvwbh.blogspot.md/,0
https://fbtdn.blogspot.is/,0
https://nryhv.blogspot.is/,0
https://befvw.blogspot.is/,0
https://vdwbb.blogspot.md/,0
https://bbngt.blogspot.md/,0
https://bwdxn.blogspot.is/,0
https://vvbfq.blogspot.md/,0
https://bfegr.blogspot.md/,0
https://wefhr.blogspot.is/,0
http://pub-e17703d96c0f41a88925dbbc021fd6ad.r2.dev/iran.html,0
https://nnynv.blogspot.is/,0
https://hhtrb.blogspot.md/,0
https://fbrbb.blogspot.is/,0
https://bnjfx.blogspot.is/,0
https://wdvtm.blogspot.md/,0
https://bngtd.blogspot.is/,0
https://mysteryclaims.tesbw.app/,0
https://ebnbv.blogspot.is/,0
https://befcq.blogspot.md/,0
https://wdqsz.blogspot.is/,0
https://xxfgb.blogspot.md/,0
https://bbsxg.blogspot.md/,0
https://bbefu.blogspot.md/,0
https://www.lnstagramhelp.net/rPTlcJEVjtk9GmQ/index.php?nick=bGVtYWcua3I=&id=741049826,0
https://bcfwx.blogspot.md/,0
https://acwxs.blogspot.is/,0
https://dwvtw.blogspot.is/,0
https://vvdex.blogspot.is/,0
https://ffnyj.blogspot.md/,0
https://sscqx.blogspot.md/,0
https://mytgq.blogspot.is/,0
https://tokenpocket-tpnek.net/,0
https://svnhc.blogspot.is/,0
https://febff.blogspot.is/,0
https://vdebf.blogspot.is/,0
https://grnuv.blogspot.is/,0
https://dqwsx.blogspot.md/,0
https://tymnq.blogspot.is/,0
https://trnfv.blogspot.md/,0
https://efbth.blogspot.md/,0
https://dvwsx.blogspot.md/,0
https://jmgyn.blogspot.ie/,0
https://ggnri.blogspot.md/,0
https://sl28s.mjt.lu/lnk/AVEAADp4zxgAAAAAAAAAAeBXYRkAAYCsuSIAAAAAACc_UQBl9Fp27PRloMyNTlyiNi4gycIu5QACkNs/1/2acBCDOYuCQa40GvJUgDgw/aHR0cDovL2NhbnhhaS5jb20vZGUwMS5odG1s,0
https://nhqtc.blogspot.am/,0
https://thmvg.blogspot.sn/,0
https://fbhtn.blogspot.md/,0
https://zzyyh.blogspot.md/,0
https://iitng.blogspot.is/,0
https://mtyhg.blogspot.md/,0
https://nmhyb.blogspot.is/,0
https://kklwq.blogspot.is/,0
https://rtnvs.blogspot.md/,0
https://tokenpocket-tpnek.com/,0
https://wdvsq.blogspot.is/,0
https://ggnrj.blogspot.is/,0
https://jyngv.blogspot.is/,0
https://nefbh.blogspot.md/,0
https://nggvd.blogspot.is/,0
https://jyngv.blogspot.md/,0
https://ggrnc.blogspot.md/,0
https://xxqqa.blogspot.md/,0
https://qvqsv.blogspot.is/,0
https://ddwvx.blogspot.is/,0
https://gefcd.blogspot.md/,0
https://fbtdn.blogspot.md/,0
https://dwvbx.blogspot.md/,0
https://fbcsx.blogspot.md/,0
https://dvnyf.blogspot.md/,0
https://errfb.blogspot.md/,0
https://zwcvd.blogspot.md/,0
https://nrgyv.blogspot.is/,0
https://navernewsletter-7fmeelx50-steveappeal77-gmailcom.vercel.app/,0
https://gnrth.blogspot.md/,0
https://rgneb.blogspot.is/,0
https://szwvn.blogspot.md/,0
https://febfd.blogspot.is/,0
https://bbefv.blogspot.md/,0
https://ebhcv.blogspot.md/,0
https://rnghy.blogspot.md/,0
https://ttbbv.blogspot.md/,0
https://sevsq.blogspot.is/,0
https://ukujh.blogspot.is/,0
https://wdvrh.blogspot.md/,0
https://vvdwv.blogspot.md/,0
https://qqavx.blogspot.md/,0
https://dvbgx.blogspot.md/,0
https://febrg.blogspot.is/,0
https://dvjbr.blogspot.md/,0
https://sevbt.blogspot.md/,0
https://sbnnr.blogspot.md/,0
https://uurbf.blogspot.md/,0
https://ebfhw.blogspot.md/,0
https://vrerb.blogspot.md/,0
https://sqcvr.blogspot.is/,0
https://bzgtq.blogspot.is/,0
https://mjymu.blogspot.md/,0
https://qqyth.blogspot.is/,0
https://ffgrs.blogspot.is/,0
