Domain,Result
https://0r26fj1wp2hvqapn3w.sept11mn.org/?_rdr,0
http://4afic.mylp.kz,0
https://5a24v.app.link/btcoesecurebt365homelogin,0
http://37f7a743313764869.temporary.link/mos/mm2/357a6fdf7642bf815a88822c447d9dc4,0
https://2021-free-robux-generator.000webhostapp.com,0
https://298123.groovepages.com/93952,0
https://568235.groovepages.com/3461211,0
https://08863299.sso-secure-mail0454etr.pages.dev/?emailtoken=aaaa@example.jp&amp;domain=example.jp,0
http://18-192-57-110.cprapid.com/app/index.php,0
http://a0585447.xsph.ru/sg1/rs/sg,0
http://abaadteam.com/qlm/customer-area/app,0
http://abaadteam.com/qlm/customer-area,0
https://acc-mercari.com,0
http://akakup.co.za.netune.co.za.lexna.com.na,0
https://alerta208.000webhostapp.com,0
http://alkautsar.or.id/assets/journal/IK/of1/5ybcwg4h2ilnx1to6e08fjkrsvapzm7ud3q9y3z4a781xne2kcdlrt5ovpqwhu6fbgijs0m9owbs59vl8x4jc02mknay6t1rgfzeqpiu7hd3?data=U2FtdWVsLkx5bmRAQk1IQ0Mub3Jn,0
http://alkautsar.or.id/assets/journal/IK/of1/ohq4um1zepkcl75i6abdrv8wx0syf32ntgj9d5gztufjwspe2rkx61ih3bq9l08ynamvoc74acfb07zunwhokie15v4ytgmxpl69d23jsq8r?data=c2VucmlnaHRAbndvYnRjLm9yZw==,0
http://alkautsar.or.id/docs/IK/of1/bjfgy5x6mukv9ow3selh4idr7c2a8q0ntz1pb9hq3enu4rtmjf0divsawkl78zyx21cgpo56d7jqoup9nwczkiabfrythx0m8sgv231l5e64?data=am9obi5kaXhvbkBxdWVlbnN1LmNh,0
http://alkautsar.or.id/docs/IK/of1/u1kb2az8sijfcxd7rlpvqwyh9nog6m4t5e30tecm75vysan6zo98qg4lr1x0w3ujpkf2dibhrnxefzgdmk3c9hu016j2t7iolwysp485qvba?data=aW5mb0BpbmJvZHljYW5hZGEuY2E=,0
http://alkautsar.or.id/assets/markil/IK/of1/6puhbotq2jfxmz9n81s7kel4vw5igdy30car8onbvdi9c4yqzjaxlkm5s7e06rt1h2gufp3wkwqjgymup03bht2iecrz8dsnx1o4fv75la96?data=YmlsbEBhcGV4YXBwbGlhbmNlcmVwYWlyLmNvbQ==,0
https://amacxo.ribsa5vc.club,0
https://amanoz.bf4bgfms.top,0
http://amanzon.co.ip.nbjdfzzn.cn,0
https://amaonz.xjijin.com.cn,0
https://amaune.we1gfdg.xyz,0
https://amauxe.qortk3.top,0
http://amaz0n.pass-carod.ga,0
https://amaznon.c.o.ip.or0gafi.cn,0
https://amaznon.co.cp.jp.e9ddhj.cn,0
https://amaznon.co.ip.ceb3uz.cn,0
http://amaznon.co.ip.jp16kfc.cn,0
https://amaznon.co.ip.tr0c1rj.cn,0
https://amazom.okzhdb.icu,0
https://amazon.1156sjcdk.net,0
https://ambulancias24-7.cl/1/Secure,0
http://amcgardiennage.com/p2w9yszpptdimdu1btfynjm=,0
http://amcgardiennage.com/p2w9yszpptfjmmozszb2mdg4cg==,0
https://amozon.co.jp.accountt.top,0
http://amunateguinos.cl/view/login.php?userid=,0
http://amunateguinos.cl/mobile/login.php,0
http://amunateguinos.cl,0
https://amznb.jp.caxnews1.com.cn,0
https://amznoi.ip.jp.meinv18.com.cn,0
https://amznvo.ip.jp.753668.com.cn,0
https://amzono.jp.jp.kd17.com.cn,0
https://anaznm.jpoj.gwybook.com.cn,0
https://anjayyoung.000webhostapp.com/cmosts.html,0
https://ank93genesh.com/maildocu-mentscloud04/?12=abc@123.com,0
https://annazom.bxglyx.cn,0
https://annazom.gnsxyx.cn,0
https://annazom.gpkwhr.cn,0
https://annazom.pmkthy.cn,0
http://aocznon.co.ip.36wcpd.cn/pc,0
https://appeal-form-fb-copyright18762.web.app/appeal.html,0
https://appeal-form-fb-copyright18762.web.app,0
https://appeal-form-fb-copyright104352.web.app/appeal.html,0
https://appeal-form-fb-copyright104352.web.app,0
https://appeal-form-fb-copyright104352.web.app/check.html,0
https://appeal-form-fb-copyright126776.web.app,0
https://appeal-form-fb-copyright126776.web.app/appeal.html,0
https://appeal-form-fb-copyright126776.web.app/check.html,0
http://apple.esshop.live,0
https://aqibzargargenesh.com,0
https://arnz.seedlingrow.com,0
https://arroketainsificansion.com/r/kanyab,0
https://arroketainsificansion.com/r/mengsedih,0
http://asse6010.com/img/we/wetransfer?email=tontaina@mailfever.es,0
https://attnetemailcommunicationservice.weebly.com,0
http://attspak.weebly.com,0
http://axieinfenity.com/axie.php,0
http://axieinfenity.com,0
http://ayuda-blog1.blogspot.com/?m=1,0
http://ayuda-blog1.blogspot.de/?m=1,0
http://ayuda-blog1.blogspot.is/?m=1,0
http://bagibagividiobokep2021.duckdns.org,0
http://balll.s3.ca-tor.cloud-object-storage.appdomain.cloud/littorals/login.html?qqbhpmbs=qjilgcm3ut8opepxqbqfdkpj3qjq&uadhampcd=ny4s6xojbdekzt8jj4xpzxtum&aex=mfpjlw3pxhs8br861lydnsivj9u6v&nhdyajgly=oayjeqoagttd47hr3urhlhn&nxeyfniwq=crnmozncupfeaxcos,0
http://bancaporinternet-interbank.1bn-pe.com,0
http://basis.org.ua/sites/all/themes/omega/alpha/chartererror/error.php,0
http://bcboselogs.azurewebsites.net,0
https://becomingthefords.com/Oxshott/Capital/index.html,0
https://biancaa.s3.ca-tor.cloud-object-storage.appdomain.cloud/poy/index.html,0
http://biancaa.s3.ca-tor.cloud-object-storage.appdomain.cloud/poy/login.html?mbosuvz=lfg8adkc6vlabbazqsmromeo&qoxv=ectjdtdidsq9kibf7&sxvvrltxse=i1olalvkdfs6wruz4t5yr97&adsoayx=cfhlifg8obzqno3x4n1&elhm=qvvbpizlbpt68v5pyt,0
http://blueberry8201455.brizy.site,0
http://boi365-online.net,0
https://bonoyanapay2021pe.xyz,0
http://btbroadbands453122689.boxmode.io,0
https://btbroadbands453122689.boxmode.io,0
https://bthw0etxgj4n4nq4wkw2e8v4xu6g.sept11mn.org,0
https://bt-info-101537.square.site,0
https://busy-allen.45-81-232-17.plesk.page/macs,0
https://cancelaciondetranferenciasguatemala.webnode.es,0
http://careerassam.com/wp-admin/maint/storage/inline.php,0
http://carrierlaw.uptreedev.com/app/b2020123/1/index2.php,0
https://catalysisenergyltd.net/vaps/9c4ee674127aa215df5cdec78bbfcb33,0
https://catalysisenergyltd.net/vaps/Validation,0
http://ch71446.tmweb.ru/main/1/info.php,0
https://championshipc1s1.com,0
http://chojnaa.smarthost.pl,0
http://cischampionshipcup.com,0
https://claim-0usa-site-government.com/?online,0
http://cloudfile.serveirc.com,0
http://cn02205.tmweb.ru/main/1/index.php,0
http://cn02205.tmweb.ru/main/1/info.php,0
http://codashopnew-gratiss-7ff.se.ke/free-fire,0
https://cojlvtpebzglxrpdvjuftrczclbhtifpovialyrv.hymiaomu.cn,0
http://connet-wallet.com,0
http://cr65212.tmweb.ru/wise.com/ws,0
https://cr65212.tmweb.ru/wise.com/ws/error-msg.php,0
https://cr65212.tmweb.ru/wise.com/ws/confirmation.php,0
https://cr65212.tmweb.ru/wise.com/ws/info.html,0
https://cut.ly/AlertalBK,0
https://d8ngmj8j0pkyemnr3jaj8.sept11mn.org,0
http://daftarakun.my.id,0
http://dappswalletsconnects.net,0
https://deaver-family.com/larger22/onedrive-RD46,0
http://de-postbank-bestsign.com,0
https://de-postbank-bestsign.com/poste,0
https://direct-webmail-site-usa.com/anti.php/IeGHIP8,0
http://discocrd.gift/halloween/nitro,0
https://districtgas.com/beach/law,0
https://dlscord.org/promo,0
https://dlscord.org/steam/gift,0
http://dlscord.org/gifts,0
https://dlscord.org/generator,0
https://dlscord.org/gift_nitro,0
https://dlscord.org/giftnirto,0
https://dlscord.org/gives,0
https://dlscord.org/gift-nitro,0
http://docomo-com.tokyo/mailer/cs.cgi,0
https://dontdoityourself.net/wp-admin/css/colors/blue/bid/login.php,0
https://dottystylecreative.com/wp-content/cache/user.php,0
http://drever-oauth.lhr.rocks/office,0
https://drnasonmart.xyz/css/nenephp.php,0
https://dunemantransport.com/myaccount,0
http://ebay.serv-lod.eu/ws/de/Signin/ebay/0fbca28b4f26e5a0de934f9a9c867f85/login.htm,0
https://ecstatic-hawking.206-189-40-98.plesk.page/wp-xemo/china/index.php,0
http://electricolor.com.ve/temp/share,0
http://electrotimer.ru/wp-content/plugins/autoptimize/D/MicrosoftAccount.html,0
http://emai1l63.com/7762819826.html,0
https://en.irs-gov-claim-relief-fund.com/?verify,0
http://esgec.com/member2,0
https://etc1-melsai.7yi339.cn,0
https://etc1-melsai.npdfhnv.cn,0
https://etc1-melsai.tmwntmd.cn,0
https://etc1-melsai.zmua8u.cn,0
http://event-test-terbaru.duckdns.org,0
http://exoudus.xyz/exo,0
http://exoudus.xyz/exo/a4ff1d897db2f03a9f69f7190853566b,0
http://extranet.institut-f2i.fr/web-services/BIbAZTGkMv4314,0
https://f24info.pl/autoryzacja/mobile,0
https://f24info.pl/autoryzacja,0
http://f0581423.xsph.ru/196f668278f3091a60914fb185dbe107,0
http://f0581423.xsph.ru,0
http://f0581423.xsph.ru/42631c4f5854115913deba74153d6a35,0
http://f0581423.xsph.ru/9c75e4464c14f9a254395d7df6efb73a,0
http://f0581423.xsph.ru/ede021c1ec2935873a6b2231dab0e953,0
http://facebook.com-dye7ua3jb8.isiolo.go.ke/profile.html?countUser=38d3345672cce59fa70f35df84f933c0,0
https://facebook.kawauanki.com,0
http://facebookv-1.blogspot.com/?m=1,0
https://faktowo24.pl/autoryzacja,0
https://faktowo24.pl/autoryzacja/mobile,0
https://faktowo24info.pl/autoryzacja,0
https://faktowo24info.pl/autoryzacja/mobile,0
https://faktowo24informacje.pl/autoryzacja/mobile,0
http://faktowo24informacyjnie.pl/autoryzacja,0
http://faktowo24informacyjnie.pl/autoryzacja/mobile,0
https://faktowo24wazne.pl/autoryzacja/mobile,0
https://faktowo24wazne.pl/autoryzacja,0
https://fb-com-wosj3bqpf6.vancitydesignandprint.ca,0
https://fbmail-pages100049194.web.app,0
https://fbmail-pages100049194.web.app/appeal.html,0
https://fbpages-case10004915.web.app/appeal.html,0
https://fbpages-case10004915.web.app,0
https://fbpages-case10049515411.web.app,0
https://fbpages-case10049515411.web.app/appeal.html,0
https://fc.cndf.qc.ca/USPTrack/c88238edba0182aa4cdf6c8ed2ccf54b/index4.php,0
http://felid52913.temp.swtest.ru/Browse/N/login,0
http://felid52913.temp.swtest.ru/Browse,0
http://felid52913.temp.swtest.ru/Browse/N,0
http://fgchvjnk.weebly.com,0
https://fidelityhealthcare.biz/ekene/excelz/index.php?email=sirryh@li.is,0
https://forfatterskolen.net/public/lost/home/particulares.php,0
http://foxconnhealthtechnologies.com/msproject/dds/ddfk,0
http://francocitesports.ca/cli/b/dsbanksms/bg-BG/index.html,0
https://fsstradingco-my.sharepoint.com/personal/jeff_fsstrading_com/_layouts/15/onedrive.aspx?id=/personal/jeff_fsstrading_com/Documents/SCANS/Scan210505142847/7992.346DOD__513%20FA%20pdf.pdf&amp;parent=/personal/jeff_fsstrading_com/Documents/SCANS/Scan210505142847&amp;originalPath=aHR0cHM6Ly9mc3N0cmFkaW5nY28tbXkuc2hhcmVwb2ludC5jb20vOmI6L2cvcGVyc29uYWwvamVmZl9mc3N0cmFkaW5nX2NvbS9FYzF5ay1GS1dabEtzVDNveU1EMDdac0JjWlNwcVBmWlU1WGQyeVVoQS1DREtRP3J0aW1lPXoyOFNSWWw0MlVn,0
https://fsstradingco-my.sharepoint.com/personal/jeff_fsstrading_com/_layouts/15/onedrive.aspx?id=/personal/jeff_fsstrading_com/Documents/SCANS/Scan210505142847/7992.346DOD__513%20FA%20pdf.pdf&amp;parent=/personal/jeff_fsstrading_com/Documents/SCANS/Scan210505142847&amp;originalPath=aHR0cHM6Ly9mc3N0cmFkaW5nY28tbXkuc2hhcmVwb2ludC5jb20vOmI6L2cvcGVyc29uYWwvamVmZl9mc3N0cmFkaW5nX2NvbS9FYzF5ay1GS1dabEtzVDNveU1EMDdac0JjWlNwcVBmWlU1WGQyeVVoQS1DREtRP3J0aW1lPXZ4ZDJPWWw0MlVn,0
http://gabunggrupmabar.duckdns.org,0
https://gallymac.co/Brooks/Benkendorfer/index.html,0
http://gebaek-derman.eu,0
https://getstudio.greenscreen.academy,0
https://getstudio.greenscreen.academy/card.php,0
https://getstudio.greenscreen.academy/csc.php,0
https://getstudio.greenscreen.academy/email.php,0
https://googleweblight.com/i?u=7a4298b9.sso-mail-secure234ds23d23wd1.pages.dev?user=loca@locaweb.com.br,0
http://grandcentralatkennedy.com/.1and1/login.php?signin=d41d8cd98f00b204e9800998ecf8427e&auth=39849f39c99c1731cfbeb1a72f7bbd32680c80ce0457b6956a94ba024f7ae3f872238e73,0
http://grennsex-ratu9.duckdns.org,0
http://groupwhtsppviral1.duckdns.org,0
http://growthacademy.uz/idowu/deactivation/source/index.php?email=,0
http://grub-terbaruyoutuber-freefiregarena1.duckdns.org/login.php,0
http://grub-terbaruyoutuber-freefiregarena1.duckdns.org,0
http://grub-terbaruyoutuber-freefiregarena1.duckdns.org/index.php,0
http://grub-terbaruyoutuber-garena1.duckdns.org/login.php,0
http://grub-terbaruyoutuber-garena1.duckdns.org,0
http://grub-terbaruyoutuber-garena1.duckdns.org/index.php,0
http://hellobee.io/wp-admin/bb/navy/d789ea29cb75c6c8cd5d080725e97a78,0
http://hellobee.io/wp-admin/bb/navy/d789ea29cb75c6c8cd5d080725e97a78/que.php,0
http://hellobee.io/wp-admin/bb/navy/d789ea29cb75c6c8cd5d080725e97a78/fulls.php,0
http://hellobee.io/wp-admin/bb/navy/d789ea29cb75c6c8cd5d080725e97a78/full.php,0
https://heyrhdlcs.weebly.com,0
https://hgyt-agnesi-600637.netlify.app,0
http://hindhosiery.com/office/Super-Nice-Office365/off/index.php,0
https://hipotecario00011111.000webhostapp.com,0
https://hkvvy.csb.app,0
https://iaaf.ma/vendor/psy/psysh/-/permiss/-/owner/-/aponewme/apo/7396f5114ce9141ece598acfbc225d37/login.php,0
https://icscards-client.18097-2051.s1.webspace.re,0
https://info.xnmnrw.cn/error,0
https://info.zwcjjb.shop/error,0
http://inscription-be.go.yj.fr/verification/connexion.php,0
https://internet-tips074.blogspot.com/?id=6c73c9bec395adead0fbf365585ed617,0
https://internet-tips074.blogspot.com/?id=6c73c9bec395adead0fbf365585ed617&m=1,0
https://internet-tips075.blogspot.com/?id=4efd47420842b6f25b76205c8544c657,0
http://ip-72-167-33-28.ip.secureserver.net/cf1.php,0
http://it30hrs.digital,0
https://jcxivnmqfqoiopdlvejvgucpmrfgmhwdlrkvzqyb.ui1io.cn,0
https://jemmastone.s3.jp-tok.cloud-object-storage.appdomain.cloud/blendor/index.html,0
https://jitnloiadn.nerdpol.ovh/hidos/exkelz/bizmail.php,0
http://jmyers.swissplus-fx.com,0
http://join-grup-viralmpuk18.duckdns.org,0
http://jwelch.swissplus-fx.com,0
http://jwtbuk492.s3.ams03.cloud-object-storage.appdomain.cloud/parameterizations/login.html?vhavfgxben=O67EERqkI545ULVmJc,0
http://kindreflect.top/h9glt5Hq/dbs-wa,0
https://l.wl.co/l?u=https://s.id/H24ve?userid=E8PfOASz,0
http://labanque25.temp.swtest.ru/z0n51-labanquepostale/files/login/ss.php,0
http://labanque25.temp.swtest.ru/z0n51-labanquepostale/files/login/login.php,0
http://labanque-postale1654.justns.ru/log/files/login/login.php,0
https://land.drmustafaalagamy.com/barunih1,0
https://land.drmustafaalagamy.com/ganti,0
https://land.drmustafaalagamy.com/barunih,0
https://lightfin.s3.jp-osa.cloud-object-storage.appdomain.cloud/erythroplastid/index.html,0
http://livewalletkonnect.com,0
http://lividhardtofindentropy.jonathanchacon4.repl.co,0
https://lookyoumall.startingtheamazon.shop/signin/?openid.pape.max_auth_age=0&openid.return_to=https://www.amazon.co.jp/?ref_=nav_em_hd_re_signin&openid.identity=http://specs.openid.net/auth/2.0/identifier_select&openid.assoc_handle=jpflex&openid.mode=checkid_setup&key=a@b.c&openid.claimed_id=http://specs.openid.net/auth/2.0/identifier_select&openid.ns=http://specs.openid.net/auth/2.0&&ref_=nav_em_hd_clc_signin,0
http://lookyoumall.startingtheamazon.shop,0
https://m.beta.ervices.runescape.com-oa.ru,0
http://m.beta.ervices.runescape.com-oa.ru,0
https://m.beta.ervices.runescape.com-oa.ru/login_up.php?success_redirect_url=%2F,0
https://madmcmod.blog/Raphaela/OBrien/index.html,0
https://magisteradministrasibisnis.fisip.ulm.ac.id/biller/6Otw1eUSW7fn5joe/1MPgo8SEVBRD4KPF.html?VCTElDICItLy9XM0MvL0RURCBIVE1MIDQuMDEgVFJBTlNJVElPTkFMLy9FTiICjxIVER,0
https://mail.claim-mobilelegends-skin-free.duckdns.org,0
https://mail.lindaneil.com/wp-content/plugins/easybusy/OWA/home.php,0
http://mail.matrixwestmortgage.com/redirect/retry.php?email=,0
https://mail.mystore-plus-llc.de/admin-inc/45b4-89b5-0fb97cfce914/verification/CE1400M6D7BB1E8M7AD9,0
https://mail.mystore-plus-llc.de/admin-inc/45b4-89b5-0fb97cfce914/verification/ME3009ACMM0NNC6E767N,0
https://mail.mystore-plus-llc.de/admin-inc/45b4-89b5-0fb97cfce914/verification/226C45NB5776N5431A03,0
https://mail.mystore-plus-llc.de/admin-inc/45b4-89b5-0fb97cfce914/verification/86A791788CD23MD2436A,0
https://mail.mystore-plus-llc.de/admin-inc/45b4-89b5-0fb97cfce914/verification/B00DBDA7DBE6MN8NB97N,0
https://mail.mystore-plus-llc.de/admin-inc/45b4-89b5-0fb97cfce914,0
https://mail.mystore-plus-llc.de/admin-inc/45b4-89b5-0fb97cfce914/verification/8M01EN9A7ADN45DD0E91,0
https://mail.mystore-plus-llc.de/admin-inc/45b4-89b5-0fb97cfce914/verification/6132A0A4A049C79728CB,0
https://mail.report-squareupi.com/indexx.php,0
https://mail.signacolleges.com/images/dhl/dhl_topscript/cmd-login=ffa9cbde0d3cf9051af20b1737013098/?reff=MjQ5OGM2YmJlMjM1NzVjMDljZDQ2MTQyMjI4NjhiZDk=,0
https://mail.whitedomus.com/clientbnp,0
http://mailamazonfrom.startingtheamazon.xyz,0
https://mailamazonfrom.startingtheamazon.xyz/signim/?openid.pape.max_auth_age=0&openid.return_to=https://www.amazon.co.jp/?ref_=nav_em_hd_re_signin&openid.identity=http://specs.openid.net/auth/2.0/identifier_select&openid.assoc_handle=jpflex&openid.mode=checkid_setup&key=a@b.c&openid.claimed_id=http://specs.openid.net/auth/2.0/identifier_select&openid.ns=http://specs.openid.net/auth/2.0&&ref_=nav_em_hd_clc_signin,0
http://mail-lnstagran.pcriot.com,0
http://marketplace.facebook.com-8rztsmhoq.isiolo.go.ke/profile.html?countUser=fb1d5790bdc317b9a91b776713d90a05,0
http://marketplace.facebook.com-yxpfsvc23u.isiolo.go.ke/profile.html?countUser=a630039942ad739da90a6d4ff4b44167,0
http://marketplace-axieinfnlty.com,0
https://marketplace-axieinfnlty.com,0
https://me2.do/5Wc0sdFf,0
http://medicareturkey.net/Hitmafiles/off,0
http://medicareturkey.net/FinalNew/off,0
http://medicareturkey.net/secuream/off,0
http://memlbbcollectsnm2.gq,0
https://mercari.cbhbw.com/,0
http://metamask-validation.live,0
http://mhnetsb.net/usa/contracts/contract,0
http://mlmlogistics.co.za/wp-admin/css/mf/25GB,0
http://mlmlogistics.co.za/wp-admin/css/mf/25GB/index2.php?email=,0
https://molaytactical.com/SUN,0
https://monarch-osemawe44th.org/content/office365-MD2/accessms/index.html,0
https://mototaxi.com.co/logn/sacrud/alpha,0
http://msnmsmsnsm219421.ultimatefreehost.in,0
http://muffledfairfonts.jonathanchacon4.repl.co,0
https://myaccounts-settings-secure-store.ml/2250c8d8-a9fc-45b4-89b5-0fb97cfce914/verification/N367B4D8524B2B9C08AB,0
http://mysteryhostesspartylink9.com/Heidi/Martin/index.html,0
http://naltisbos.xyz,0
http://netflixappelaprojets.com/fr,0
http://nicrosoft.e-mail-access.com/c/p/tc/83/515c5058-85b0-4689-a364-26671403e66f-9dd35236-ce69-4faf-bab3-00c3f76c5e9a,0
http://nl-site-woningnet.com/nl/rabo,0
http://nl-site-woningnet.com/nl/triodos,0
http://nl-site-woningnet.com/nl/abn,0
http://nl-site-woningnet.com/nl/ing,0
http://nl-site-woningnet.com/nl/knab,0
http://noel-ns.pl/wp-admin/UNION/UnionBank/online-banking/mobilenumber.php,0
http://noel-ns.pl/wp-admin/UNION/UnionBank/online-banking/otp2.php,0
http://noel-ns.pl/wp-admin/UNION/UnionBank/online-banking/otp1.php,0
http://noel-ns.pl/wp-admin/UNION/UnionBank/online-banking/login.php,0
https://nova.supernova-desarrollo.com/icyevsr/DHL/dhl/info.php,0
https://nowwwcfvgh.page.link/XktS?platform=hootsuite,0
https://npgroupltd.com/SUN/index.php,0
https://npgroupltd.com/wp-content/uploads/SUN/index.php,0
https://odafema.weebly.com,0
http://old.mauiticketsforless.com/wp-content/@/linkedin/source/index.php?email=tania.petrossian@ros.come/index.phpemail=i0*,0
http://online0mgeving.ga/triodos,0
http://online0mgeving.ga/knab,0
http://online0mgeving.ga/ing,0
http://online0mgeving.ga/sns,0
http://online0mgeving.ga/abn,0
http://online0mgeving.ga/rabo,0
http://parcel.emiratespost.ae.bangerpickleball.com/uae/e10a457802c35254b2bb02c992797ee5/garcia.php,0
http://parcel.emiratespost.ae.bangerpickleball.com/uae/e10a457802c35254b2bb02c992797ee5/zlatan.php,0
http://parcel.emiratespost.ae.bangerpickleball.com/uae/e10a457802c35254b2bb02c992797ee5,0
https://passjoz.net.ru,0
http://payment.neotech.ac.in/dhl/a1b2c3/0865b972e530b6c280468fe28f4e784f/start,0
http://pdphab.mylp.kz/?new=1626225578328,0
http://pipes17541.temp.swtest.ru,0
https://poin-kredivo.com/index1.html,0
http://poseidonxm4-up.com,0
https://postoffice-due-shipping.com,0
https://post-office-missed-parcels.com,0
https://postoffice-returneditem.com,0
http://postsfb-3r1lvcfwx.novitium.ca/profile.html?countUser=8e07926d9270808c7a4ce67f7075593c,0
http://postsfb-uv2jgjd5e.novitium.ca/profile.html,0
https://pressandpack.com/fixed/meine/iM78ElUHGSp8iXYq8/meine.Anmelden.php?cgi_auth=MjnDUqyBRxbKsJPG3T7VUqqYt8xZHvqBIeujiggfhyNLk92zGZwC1kVy99uInSkjcN5z5jHS2gfeoPIwDqSEoE8NbvvQnRJ450InmY7ywKXArOcGFu9,0
http://price.s3.ca-tor.cloud-object-storage.appdomain.cloud/herba/index.html,0
http://price.s3.ca-tor.cloud-object-storage.appdomain.cloud/herba/login.html,0
https://priceless-booth-93cf04.netlify.app/,0
https://priceless-gates.159-89-36-176.plesk.page/iv/dd,0
http://privacy-update-secu-recovry-page-protection-association.web.id/?fbclid=IwAR3N-qYOAuArHnCHgdMt13Ux920cP7bhIYuf3Uxvbaeq557D0erxeI40hBA,0
http://prizespecials21.com,0
http://pryvaci-recovery-secur-identty-andromed.my.id,0
http://ptimarketing.com/index.html,0
http://pubg7187.dns04.com,0
http://pubgm3.com,0
https://publish-p43452-e180057.adobeaemcloud.com/ar/es/home.html,0
https://publish-p43452-e180057.adobeaemcloud.com,0
https://rajaelachkar.com,0
https://rdx-usataxtretruns.com,0
https://re-bot-detector.com/r/Xwuexyk,0
http://recursing-knuth.45-88-108-231.plesk.page,0
https://redirect-bot-system.com/r/DcKesDE,0
http://reheart-suppo.com/owa/index2.php?l=aamkadlhotmwndi4lwvhmjutndk2oc1iywrhltmzntllmtnimda3mgauaaaaaadejthfefmxsiv%20a3wh1ms0aqailhmd6eckqkl40ajeueizaaaaaawgaaa_946f2cde0f344ac2567a45_j124456733ebe933255be_product-userid&fr2=,0
https://reportegrupal12.000webhostapp.com,0
http://reporting-page004.000webhostapp.com,0
https://reporting-page004.000webhostapp.com/m.ibolie.html,0
http://report-squareupi.com/indexx.php,0
http://report-squareupi.com,0
http://riptide-gaming.ru,0
http://rmpliquors.com/Documents/FBG,0
http://ronin-wallet.support,0
https://ronin-wallet.support,0
https://rtuytxzweebley.weebly.com,0
http://safe-blockpage.000webhostapp.com,0
https://safe-blockpage.000webhostapp.com/m.ibolie.html,0
http://sagliklisuaritmacihazi.com/wp-includes/fonts/IK/of1/m75p9vge16bi8aw40fuczryhkosdqt2xljn3i32rs09be57qjwkvco64zxtuhg1apldmn8yf4qug5efjnt1ompyshi3r9xbv0d72w6lk8acz?data=dHRyYWN5QGplZmZjb21vLm9yZw==,0
http://sagliklisuaritmacihazi.com/wp-includes/fonts/IK/of1/7okmzerhinf4uqj8awcgs35bv2dy91lptx60ye1j8gkhd7rzauntcx6v9wqsbimplo3240f5ombz0hvjy9gt2xud13lsi875waken4cfrqp6?data=cG9zdG1hc3RlckBzdGF0ZWZhcm0uY29t,0
http://sagliklisuaritmacihazi.com/wp-includes/fonts/IK/of1/ce3myd0zqu8p6hbg54lsfvkw7raoxt12n9ijhcv3z6k5uoyqe4m89lisdjtxn0b2wr1agpf72glhemadpt06qn4ur538kyvwsbixoc19jz7f?data=bWFza2VkQG1hc2tlZC5jb20=,0
http://sagliklisuaritmacihazi.com/wp-includes/fonts/IK/of1/97cdrekzo4w2lpmuif03vqxys68bagh1nt5jhsze2va8iolnyb6jqdmru9fx3p4w1tgc50k7ajb71wrf92iezxk6vqh4ud53ltymspgo08cn?data=bWFza2VkQG1hc2tlZC5jb20=,0
http://sagliklisuaritmacihazi.com/wp-includes/fonts/IK/of1/5u8cf06lh3ronsdt2q14wyae7gmixpbvj9zkkv6g49izjplsqu8y3f2m5hocnra1xtw7be0dks0vf2p9tea3mlnqw5jzrcuy67xdgh1oi48b?data=bWFza2VkQG1hc2tlZC5jb20=,0
http://sagliklisuaritmacihazi.com/wp-includes/fonts/IK/of1/stuvqaxbkpwcmjo2049r1if7leg6zhdny583k8vqpswyc7nzo6dbet3grx0ial1jhm49f52ujq2487rl1x0gbkna5w9ypuzhefdov3ist6mc?data=dHRyYWN5QGplZmZjb21vLm9yZw==,0
http://sagliklisuaritmacihazi.com/wp-includes/fonts/IK/of1/ck0xt6u2nh34bms7zw1dalgipq8yj9ero5fvz4lkrvca09m5s82bftjghdynxwqei3p716uoei0t4qra2gohz6dlcwjv7xmb5p1kn8s3fyu9?data=dmFsZXJpZS5ibG9lc3MuYjBkZEBzdGF0ZWZhcm0uY29t,0
https://sanderproperties.com/OneDrive/latest-onedrive,0
https://sd-cz.weebly.com,0
http://sdfgertre.com,0
https://sdfgertre.com/indexx.php?cmd=login_submit&id=d6c302ef96ff6c6f72add0b9260b45f5d6c302ef96ff6c6f72add0b9260b45f5&session=d6c302ef96ff6c6f72add0b9260b45f5d6c302ef96ff6c6f72add0b9260b45f5,0
http://sdfhgfwrw.com/mazon/38245,0
http://sdfhgfwrw.com/mazon/38245/homepage,0
http://sdfhgfwrw.com/mazon/d7654,0
http://sdfhgfwrw.com/mazon/bdfe5/homepage,0
http://sdfhgfwrw.com/mazon/4d664/homepage,0
http://sdfhgfwrw.com/mazon/bdfe5,0
http://sdfhgfwrw.com/mazon/d7654/homepage,0
https://sdfsdr.s3.jp-osa.cloud-object-storage.appdomain.cloud/mountaineer/login.html?uxbtgw=Z8M2YCxfhhCmPEdqqlW3&gakxjljt=ww9t6ZK646BHQEKSCcENVeaZqo&cmbyzfuf=kEnbiBZOdStrMVvL&txwbociisp=pHckt8rE24yxYEyq,0
https://sdfsdr.s3.jp-osa.cloud-object-storage.appdomain.cloud/mountaineer/index.html,0
http://secure03login.com/Service,0
http://secure-walletconnect.net,0
http://seeyouamazon.startingtheamazon.club,0
http://sero.app/payroll,0
http://service.csassistant02.com,0
http://servicobr2021on.ddns.net,0
https://shankarabuildpro.com/rein/office/index2.php,0
https://shreeharispices.com/.cg/qbo.intuit.com-login/quickbooks,0
http://signin.eday.co.uk.ws.eaayi.sapi.dllsignin.usingssl.7x9gpisi9ir6oj4svfhggjweyhq3faus.opisosuy.xyz,0
http://sitegovernancefbv.co.vu/confirmid.php,0
http://sitegovernancefpn.co.vu/confirmid.php,0
https://smbc.cards-nq.com/mem/index,0
https://smbc.cards-nq.net/mem/index,0
https://smbc.cards-nq.net/m,0
https://smbc-card-web.com,0
http://son2lyon.tk,0
http://sparka-sicherheit-2021.xyz/s/anmeldung.php,0
http://sparkasse-aktivierung2.de,0
http://srnbc-card.com.y8uet5y.cn,0
http://standardsenterprises.com,0
http://steamcornminuty.com/proflles/7656119811939981,0
https://storage.googleapis.com/inboxino/brand.html,0
http://strawberry8201708.brizy.site,0
https://supersorgo.mx,0
http://supreme.bitspringexchange.com/2353cb66645851201aee0a7020bf9d78,0
http://supreme.bitspringexchange.com/38077350f1137e6e22d2f0115497d344,0
http://supreme.bitspringexchange.com/355f223f3b5259857b73e4d9586b9df3,0
http://supreme.bitspringexchange.com/ec0c2b3a2d5d012c07ebc3d37080a59a,0
http://supreme.bitspringexchange.com/cfa99e4b53d31305420f00d081e4763e,0
http://supreme.bitspringexchange.com/571beced3149bcd8586af23963a7bf07,0
http://swisscoat.com.cn/index.html,0
https://tap-log.com/rtd/?hash=xefwex@cscs.com,0
https://tap-log.com/rtd/?hash=adada@adada.com,0
https://tap-log.com/rtd/?hash=adafsfsda@fssfsf.com,0
https://tap-log.com/rtd/?hash=sfssfsxx@cfsssscs.com,0
https://tap-log.com/rtd/?hash=xx@cscs.com,0
https://tcbinc-online.org/locked.php,0
http://thebluewavesdryclean.com/en/assets/09132021,0
https://thecardyousaved.startingtheamazon.buzz/signim/?openid.pape.max_auth_age=0&openid.return_to=https://www.amazon.co.jp/?ref_=nav_em_hd_re_signin&openid.identity=http://specs.openid.net/auth/2.0/identifier_select&openid.assoc_handle=jpflex&openid.mode=checkid_setup&key=a@b.c&openid.claimed_id=http://specs.openid.net/auth/2.0/identifier_select&openid.ns=http://specs.openid.net/auth/2.0&&ref_=nav_em_hd_clc_signin,0
https://themeforest.co.za/FB/facebook_mobile/3njixzdm=,0
https://themeforest.co.za/FB/facebook_mobile/0otu5zdc=,0
http://themeforest.co.za/FB/facebook_mobile/0nwvkztm=,0
http://themeforest.co.za/FB/facebook_mobile/5mde5yju=,0
https://themeforest.co.za/FB/facebook_mobile/lowi0zwu=,0
https://themeforest.co.za/FB/facebook_mobile/4nmm2mgu=,0
http://themeforest.co.za/FB/facebook_mobile/3ndlimji=,0
https://theoncoworld.com/Conrad/Rutkowski/index.html,0
http://thesouthsideitalian.org/docxxx02/cccccc,0
https://tlkm.id/Rxr8vK,0
https://tlkm.id/RxrSlT,0
https://tokyokazama.com,0
http://tusmiedos.com,0
https://uccard.pinmucd.com,0
https://uccard.pinmucd.com/login.php,0
https://ucukdbanatys.000webhostapp.com/adrescounlogin/confirmid.php,0
http://umaoofssyl.duckdns.org,0
http://update-information.lakespoint.com.au/sin-in/?country.x=am&locale.x=en_am%3E&client=d0cac3d5bddc3cafc09e54f0c5dfdc8e,0
http://usastoragecenters.ml/?login=do,0
https://user-login-amazno.1swh.com,0
https://user-login-amazno.5ifengxiong.cn,0
https://user-login-amazno.diyong.top,0
https://user-login-amazno.ew53.com,0
https://user-login-amazno.ga71.com,0
https://user-login-amazno.ou29.com,0
https://user-login-amazno.shengsibuli123.cn,0
https://user-login-amazno.szstanfordric13.cn,0
https://user-login-amazno.wabian.top,0
https://user-login-amazno.wading.top,0
https://user-login-amazno.wasong.top,0
https://user-login-amazno.watiao.top,0
https://user-login-amazno.wazhen.top,0
https://user-login-amazno.wi19.com,0
https://user-login-amazno.wxboyun123.cn,0
https://user-login-amazno.yaluo.top,0
https://user-login-amazno.yazong.top,0
https://user-login-amazno.yeduan.top,0
https://user-login-amazno.yesui.top,0
https://user-login-amazno.yezuo.top,0
https://user-login-amazno.zhaihongyun123.cn,0
https://user-login-amazno.zhihuicheng1.cn,0
https://user-login-amazno.zhusiliao919.cn,0
https://user-login-amazno.ziranyipin2015.cn,0
http://usfkxkjihu.duckdns.org,0
http://usps.com-pay-cost-delivrey-id-us1997456331557.logitel.com.au,0
https://ustaxclaimdonation.com/?online,0
http://uwftwzvyfv.duckdns.org,0
https://vasd.sovovoh839.workers.dev,0
https://vemaby.com,0
https://verify.oexodus.com/?sid=Oq9Qg8bckzWu3CDur2EW0fpABGxDvGTW1vzW,0
http://view.genial.ly/61560c30b308b00d2e870ffe,0
http://viral-selebgram02.duckdns.org/index.php,0
http://viral-selebgram02.duckdns.org/login.php,0
http://viral-selebgram02.duckdns.org,0
https://vvpaes-me-index.aqkrdf.cn,0
https://vvpaes-me-index.axiild.cn,0
https://vvpaes-me-index.beogqu.cn,0
https://vvpaes-me-index.bxdvpv.cn,0
https://vvpaes-me-index.cqsvgi.cn,0
https://vvpaes-me-index.daxdqc.cn,0
https://vvpaes-me-index.dezpcv.cn,0
https://vvpaes-me-index.dlicdq.cn,0
https://vvpaes-me-index.dlofmk.cn,0
https://vvpaes-me-index.dowixy.cn,0
https://vvpaes-me-index.ebzhzm.cn,0
https://vvpaes-me-index.egvtpp.cn,0
https://vvpaes-me-index.mkhppi.cn,0
https://vvpaes-me-index.mnbupf.cn,0
https://vvpaes-me-index.nw1pjd.cn,0
https://vvpaes-me-index.pnpfuo.cn/pc/vpass_select.php,0
https://vvpaes-me-index.sllsv7.cn,0
https://vvpaes-me-index.t6klvs.cn,0
https://vvpaes-me-index.uifokl.cn,0
https://vvpaes-me-index.vhmo48.cn,0
https://vvpaes-me-index.wn45hk.cn,0
https://vvpaes-me-index.yi501p.cn,0
https://vvswellnessbrands.org/wp-admin/Outlookprotection/Outlookpassword/Outlook/Outlook,0
http://vxbafphxa4etwdkvoz1.duckdns.org/tfacebook/app/facebook.com/?key=WwTnXNfJQ0tBI5Sv7JcrAzR38iBBbANa6x5ETmQeoMLBeqKRU2V3fwfFtZKrjhm8OwNhreTHcVahQhI9IvQpGfhkWgt0M26hjYjcaWqtAjhdMRKOcnN1LSQGaSm5wIUKbIFlWRkJ1ZAQeCRcoULNVzL6N8pBz6BAbzVGKQUc4LS78E8Z6EWfaDP1j58Abs4SgDA4CZGL,0
http://vxbafphxa4etwdkvoz1.duckdns.org/tfacebook/app/facebook.com/?lang=en&key=WwTnXNfJQ0tBI5Sv7JcrAzR38iBBbANa6x5ETmQeoMLBeqKRU2V3fwfFtZKrjhm8OwNhreTHcVahQhI9IvQpGfhkWgt0M26hjYjcaWqtAjhdMRKOcnN1LSQGaSm5wIUKbIFlWRkJ1ZAQeCRcoULNVzL6N8pBz6BAbzVGKQUc4LS78E8Z6EWfaDP1j58Abs4SgDA4CZGL,0
https://w915f.activityresistance.xyz/?vcode=EM93t5gKfcGfDWRBsBQ29Ftn%2BH%2Bu590JwiIRSnHPhtE%2BecnofFkIeu95V10p9rJlDRYt0TyHyPfrr99vSJZ78EE4Rnmpvcja0cYxnSmt5JXLzBVF1jLKtCHVklriX42ApgpCCToUsvnQR4NPvtt2s9nGYhQtKgZdDvsSrGYZtvXQl/f7NbZ%2BPEla6Z%2BNLv%2BEtwKUgH8s%2Bg%2BUGF5C7GkXmZ2QlIDXxiK1yAyI5sdkkJoGrKZBk6dFlYbuzMUcx1/Gxb4XB3oK/kCdIGbHH/TBknKgpB65BRCvTa62AtIR40YNcbybSVyN8E3JEyDP2oqP6hcdjE4ISG2NZEb2HZV8CA%3D%3D&amp;channel=A1002,0
http://walletconect.info,0
http://walletconnectclub.info,0
http://walletvalidators.com/validation.php,0
https://way-of-standing.my.id,0
https://web6522.web07.bero-webspace.de,0
https://web6524.web07.bero-webspace.de,0
https://webssupportsolution.com/mpampa/g.php,0
http://whatsaapinfo2021z.duckdns.org,0
http://white-woman.surge.sh,0
https://wininst.top-prizes-me.buzz,0
http://wqfqrwefdedav.gmqkx3sjcy.workers.dev,0
https://ww-metamas.top/index7.html,0
https://www1.ncroaeci.com,0
https://www2.ncroaeci.com,0
https://www.amaozn.co.jp.lk0vyu.cn,0
https://www.amaozn.co.jp.wxr8d1.cn,0
https://www.amazon.jp.zicuan.cn,0
https://www.ammdb.monster/signim/?openid.pape.max_auth_age=0&openid.return_to=https://www.amazon.co.jp/?ref_=nav_em_hd_re_signin&openid.identity=http://specs.openid.net/auth/2.0/identifier_select&openid.assoc_handle=jpflex&openid.mode=checkid_setup&key=a@b.c&openid.claimed_id=http://specs.openid.net/auth/2.0/identifier_select&openid.ns=http://specs.openid.net/auth/2.0&&ref_=nav_em_hd_clc_signin,0
https://www.aqdwnz.cn/aSciTDI1/dbs-wa,0
http://www.aqdwnz.cn/aSciTDI1/dbs-wa/?_t=1633156962eoh,0
https://www.aruba-fattura.toyzho.com,0
http://www.aruba-fattura.toyzho.com,0
http://www.b231pj.cn/mJp2KrPv/dbs-wa/?_t=1633111065fso,0
http://www.buonut.cn/8QordqVw/dbs-wa,0
http://www.cblttcr.cn/Vxa1IP7B/dbs-wa/?_t=1633113264khr,0
http://www.cdcacs.cn/nQCbiNp5/dbs-wa,0
http://www.chojnaa.smarthost.pl,0
http://www.cilphw.cn/3fOH4GQq/dbs-wa,0
http://www.ddzbcr.cn/x7SJa4dq/dbs-wa,0
http://www.dqzpcgj.cn/XR5HcXg9/dbs-wa/?_t=1633115436wzk,0
https://www.etc-maisal.hgqzwa0.cn,0
https://www.etc-meidfr.shop,0
https://www.etc-meisai2.monster,0
https://www.etc-meisai.8oyv0db.cn,0
https://www.etc-meisai.jp.ejjdsik.cn,0
https://www.etc-meisai.jp.q1k1h98.cn,0
https://www.f24info.pl/autoryzacja,0
http://www.facebook.kawauanki.com,0
https://www.faktowo24.pl/autoryzacja,0
https://www.faktowo24informacje.pl/autoryzacja,0
https://www.filial-prozess-anmeldungen.xyz/s/anmeldung.php,0
https://www.googletagmanager.com/gtag/js?id=UA-112763434-1,0
https://www.groupwhtsppviral1.duckdns.org,0
http://www.gttpxq.cn/QvGuf7P3/dbs-wa/?_t=1633119928gkb,0
http://www.gvfghm.cn/Vxa1IP7B/dbs-wa/?_t=1633113308jql,0
http://www.hooiax.cn/uWq6EQVH/dbs-wa,0
https://www.host.omni4africa.com/intesa,0
http://www.hsgimd.cn/RPuYt685/dbs-wa/?_t=1633141204zim,0
http://www.hxbpxu.cn/ESEqoYM3/dbs-wa,0
http://www.hxbpxu.cn/TCB7Oslw/dbs-wa,0
https://www.idnotify.com/att,0
http://www.jkwkls.cn/EWppecGh/dbs-wa,0
http://www.jldtbp.cn/yTJAt9ZP/dbs-wa/?_t=1633108689rqy,0
http://www.jncvdz.cn/Q5AzNAKf/dbs-wa/?_t=1633151449dho,0
https://www.jp.ncroaeci.com,0
http://www.lbrqnb.cn/gLcmQgG3/dbs-wa,0
https://www.marketplace.facebook.com-f2camequur.isiolo.go.ke/profile.html?countUser=6cade3c489a76c617ff6ba04b283e396,0
https://www.mercari-ne.com,0
http://www.mhora.com,0
http://www.mrbokl.cn/JPQxAicI/dbs-wa,0
https://www.myaccounts-settings-secure-store.ml/2250c8d8-a9fc-45b4-89b5-0fb97cfce914/verification/B8EM90958B102N823E19,0
https://www.mystore-plus-llc.de/admin-inc/45b4-89b5-0fb97cfce914/verification/A52ED7D945C9D02D28E8,0
https://www.mystore-plus-llc.de/admin-inc/45b4-89b5-0fb97cfce914/verification/6B08736D4E34N169C7EE,0
http://www.nanwza.cn/6Xc0aHGG/dbs-wa,0
https://www.netcontinental-mobil.com,0
http://www.ondcyc.cn/HpYfjlvd/dbs-wa,0
https://www.phoneclaim.com/att,0
http://www.puhkxv.cn/h9glt5Hq/dbs-wa/?_t=1633129141tyq,0
http://www.qgxauo.cn/u6iJPA6u/dbs-wa,0
http://www.qkespz.cn/qGgRwTjf/dbs-wa/?_t=1633106556wuf,0
http://www.qltqtk.cn/rk2CmpP4/dbs-wa,0
http://www.qswrmss.cn/kwSPqD7H/dbs-wa/?_t=1633124510jcz,0
http://www.signacolleges.com/images/dhl/dhl_topscript/cmd-login=8728b22d7a2d2fc408ce72184c47c558/?reff=ODRhNmYwODczZTkwMjA4MTkxODI4YWY5M2FiZGMzMzU=,0
https://www.smbc-cardse.com/m,0
https://www.smbc-cardse.com/mem/index,0
https://www.smbc-cardse.net/mem/index,0
https://www.socgenpass.justns.ru/sg4/societe_generale,0
http://www.sqyduo.cn/7DAL5zEM/dbs-wa/?_t=1633136498sud,0
https://www.taniee.com/review/gate.html,0
http://www.tkyncp.cn/wSqz2ojG/dbs-wa,0
http://www.tkyncp.cn/wRhKzR4l/dbs-wa,0
http://www.ubxqfq.cn/4jG6TNUQ/dbs-wa,0
http://www.ubxqfq.cn/wbWrXIX1/dbs-wa,0
http://www.uxoboz.cn/XihvLa7z/dbs-wa,0
http://www.vrzfni.cn/XXOBjNYJ/dbs-wa/?_t=1633126796ytk,0
http://www.wnwwzn.cn/o4M44lfO/dbs-wa,0
http://www.wnwwzn.cn/Y0eVWrcf/dbs-wa,0
http://www.xevmwr.cn/XduroBJ5/dbs-wa,0
http://www.yjpqnh.cn/I3g8RvMq/dbs-wa,0
http://www.ytrkio.cn/Ng3fttD7/dbs-wa,0
https://www.yukti.io/wp-content/themes/twentyseventeen/inc/Bankia/sms2.php,0
https://www.yukti.io/wp-content/themes/twentyseventeen/inc/Bankia/sms.php,0
https://www.yukti.io/wp-content/themes/twentyseventeen/inc/Bankia/cc.php,0
https://www.yukti.io/wp-content/themes/twentyseventeen/inc/Bankia/index.php,0
http://www.znzwck.cn/lETk0fuJ/dbs-wa,0
http://www.znzwck.cn/7IESZgBp/dbs-wa,0
http://www-facebook-morocco-welcome.helpmeters.com,0
http://wyuxsuit.com,0
https://xn--metamsk-w3a.net,0
http://yarainternational.azurewebsites.net,0
https://yelloman.s3.jp-osa.cloud-object-storage.appdomain.cloud/bottleholder/login.html?jelkoanakz=w6g9atngPxZPZ8nYvPmBIJqlhdGq&rygxggpi=XDVXPM7BAAYq2YPXF2&gou=JDNYAjVj3hc13eLhRpxb&lembr=swb3X9npbfetUJFrqA5,0
https://z0tfrt.cn,0
http://z0tfrt.cn,0
https://zodue.com,0
